Mutation Operator,Mutated SMILES,Predicted Lipophilicity,SMILES,molecular_weight,logP,hydrogen_bond_acceptors,hydrogen_bond_donors,Lipinski,QED,stereo_centers,tpsa,AMES,BBB_Martins,Bioavailability_Ma,CYP1A2_Veith,CYP2C19_Veith,CYP2C9_Substrate_CarbonMangels,CYP2C9_Veith,CYP2D6_Substrate_CarbonMangels,CYP2D6_Veith,CYP3A4_Substrate_CarbonMangels,CYP3A4_Veith,Carcinogens_Lagunin,ClinTox,DILI,HIA_Hou,NR-AR-LBD,NR-AR,NR-AhR,NR-Aromatase,NR-ER-LBD,NR-ER,NR-PPAR-gamma,PAMPA_NCATS,Pgp_Broccatelli,SR-ARE,SR-ATAD5,SR-HSE,SR-MMP,SR-p53,Skin_Reaction,hERG,Caco2_Wang,Clearance_Hepatocyte_AZ,Clearance_Microsome_AZ,Half_Life_Obach,HydrationFreeEnergy_FreeSolv,LD50_Zhu,Lipophilicity_AstraZeneca,PPBR_AZ,Solubility_AqSolDB,VDss_Lombardo,molecular_weight_drugbank_approved_percentile,logP_drugbank_approved_percentile,hydrogen_bond_acceptors_drugbank_approved_percentile,hydrogen_bond_donors_drugbank_approved_percentile,Lipinski_drugbank_approved_percentile,QED_drugbank_approved_percentile,stereo_centers_drugbank_approved_percentile,tpsa_drugbank_approved_percentile,AMES_drugbank_approved_percentile,BBB_Martins_drugbank_approved_percentile,Bioavailability_Ma_drugbank_approved_percentile,CYP1A2_Veith_drugbank_approved_percentile,CYP2C19_Veith_drugbank_approved_percentile,CYP2C9_Substrate_CarbonMangels_drugbank_approved_percentile,CYP2C9_Veith_drugbank_approved_percentile,CYP2D6_Substrate_CarbonMangels_drugbank_approved_percentile,CYP2D6_Veith_drugbank_approved_percentile,CYP3A4_Substrate_CarbonMangels_drugbank_approved_percentile,CYP3A4_Veith_drugbank_approved_percentile,Carcinogens_Lagunin_drugbank_approved_percentile,ClinTox_drugbank_approved_percentile,DILI_drugbank_approved_percentile,HIA_Hou_drugbank_approved_percentile,NR-AR-LBD_drugbank_approved_percentile,NR-AR_drugbank_approved_percentile,NR-AhR_drugbank_approved_percentile,NR-Aromatase_drugbank_approved_percentile,NR-ER-LBD_drugbank_approved_percentile,NR-ER_drugbank_approved_percentile,NR-PPAR-gamma_drugbank_approved_percentile,PAMPA_NCATS_drugbank_approved_percentile,Pgp_Broccatelli_drugbank_approved_percentile,SR-ARE_drugbank_approved_percentile,SR-ATAD5_drugbank_approved_percentile,SR-HSE_drugbank_approved_percentile,SR-MMP_drugbank_approved_percentile,SR-p53_drugbank_approved_percentile,Skin_Reaction_drugbank_approved_percentile,hERG_drugbank_approved_percentile,Caco2_Wang_drugbank_approved_percentile,Clearance_Hepatocyte_AZ_drugbank_approved_percentile,Clearance_Microsome_AZ_drugbank_approved_percentile,Half_Life_Obach_drugbank_approved_percentile,HydrationFreeEnergy_FreeSolv_drugbank_approved_percentile,LD50_Zhu_drugbank_approved_percentile,Lipophilicity_AstraZeneca_drugbank_approved_percentile,PPBR_AZ_drugbank_approved_percentile,Solubility_AqSolDB_drugbank_approved_percentile,VDss_Lombardo_drugbank_approved_percentile
Atom Deletion,CC(=O)O[C@H]1C(=O)[C@@]2(C)[C@H]([C@H](OC(=O)c3ccccc3)[C@]3(O)C[C@H](OC(=O)C[C@@H](NC(=O)c4ccccc4)c4ccccc4)C(C)=C1C3(C)C)[C@]1(OC(C)=O)CO[C@@H]1C[C@@H]2O,2.9625024406563774,CC(=O)O[C@H]1C(=O)[C@@]2(C)[C@H]([C@H](OC(=O)c3ccccc3)[C@]3(O)C[C@H](OC(=O)C[C@@H](NC(=O)c4ccccc4)c4ccccc4)C(C)=C1C3(C)C)[C@]1(OC(C)=O)CO[C@@H]1C[C@@H]2O,837.919,4.764900000000005,13,3,2.0,0.1435322584063179,10,201.05999999999997,0.3749852180480957,0.3347838997840881,0.7232718110084534,0.0072058771504089235,0.06521914675831794,0.04388214610517025,0.1206190288066864,0.0229747636243701,0.051421936601400375,0.652762234210968,0.618111115694046,0.10849160552024842,0.31885045021772385,0.7939547896385193,0.9832525730133057,0.19568230211734772,0.42602105140686036,0.047033609822392464,0.2602189049124718,0.02557199988514185,0.19546955972909927,0.08685599938035012,0.5450928390026093,0.7924823880195617,0.3272120922803879,0.24695782214403153,0.04136780649423599,0.9128178119659424,0.30798091292381286,0.08730766754597426,0.5803088068962097,-5.486476154588223,131.00302321059723,103.23391353954158,44.73926074855077,-10.220287871026802,4.366252158426417,2.962502699381547,102.27316395452041,-6.648271990884696,4.777546154656161,94.92051182628926,86.77782086079876,93.54400930593253,77.25862737495153,9.848778596355176,8.452888716556805,95.52151996898023,91.62466072120976,73.82706475378053,20.317952694842962,39.55021326095385,29.89530825901512,42.303218301667314,16.130283055447848,68.55370298565336,16.86700271423032,50.94998061264056,67.35168670027142,84.21868941450174,40.28693291973633,77.47188832880961,70.91896083753393,37.533927879022876,93.05932531989143,94.57153935633967,60.06203955021326,89.18185343156262,60.37223730127956,79.37184955409073,89.8797983714618,36.13803799922451,87.9410624272974,73.20666925164792,95.424583171772,71.81077937184955,98.17758821248546,90.81039162466072,3.9162466072120976,67.58433501357115,23.768902675455603,97.16944552151996,96.20007754943776,84.87785963551764,44.20317952694843,99.26328034121752,79.7595967429236,93.67972082202404,1.9775106630476929,73.20666925164792
Stereochemistry Alteration,CC(=O)O[C@H]1C(=O)[C@]2(C)[C@H](O)C[C@H]3OC[C@@]3(OC(C)=O)[C@H]2[C@H](OC(=O)c2ccccc2)[C@]2(O)C[C@H](OC(=O)[C@H](O)[C@@H](NC(=O)c3ccccc3)c3ccccc3)C(C)=C1C2(C)C,2.626114713330149,CC(=O)O[C@H]1C(=O)[C@]2(C)[C@H](O)C[C@H]3OC[C@@]3(OC(C)=O)[C@H]2[C@H](OC(=O)c2ccccc2)[C@]2(O)C[C@H](OC(=O)[C@H](O)[C@@H](NC(=O)c3ccccc3)c3ccccc3)C(C)=C1C2(C)C,853.9180000000001,3.735700000000003,14,4,2.0,0.12978619445124503,11,221.29,0.36007612124085425,0.33658915758132935,0.7261968970298767,0.008006490184925497,0.05919225476682186,0.050060422718524934,0.12060592323541641,0.02727214526385069,0.06232805885374546,0.6266083359718323,0.5894421815872193,0.10040543451905251,0.3452013939619064,0.8127036809921264,0.980450427532196,0.16554035022854804,0.36617147028446195,0.04994102865457535,0.2115023046731949,0.02377612190321088,0.1724868580698967,0.06408524736762047,0.5103795111179352,0.7555668234825135,0.2779004395008087,0.21968497484922409,0.03452063910663128,0.8844990253448486,0.24228320717811586,0.07864287756383419,0.6043176054954529,-5.627251808324212,128.39624643863013,98.91233412522463,44.08276023043446,-11.012656290173306,4.332756471076978,2.6261148625898985,99.76749564373362,-6.010710906027713,3.5073521648989114,95.15316013958899,73.20666925164792,94.59092671578131,86.02171384257464,9.848778596355176,7.212097712291586,96.47150058162077,93.71849554090733,72.74137262504847,20.35672741372625,39.89918573090345,31.097324544397054,40.98487785963552,18.14656843737883,68.55370298565336,20.279177975959673,54.168282279953466,63.784412563008914,83.52074447460255,37.37882900348973,79.41062427297402,72.74137262504847,36.370686312524235,92.67157813105855,94.33889104303994,60.95385808452889,86.42884839084917,58.16207832493214,75.2617293524622,87.04924389298178,34.664598681659555,86.11865063978286,69.56184567661884,94.61031407522296,68.01085692128731,97.4020938348197,88.01861186506397,2.9468786351298952,68.3986041101202,20.08530438154323,96.7429236138038,95.46335789065529,84.6839860411012,36.17681271810779,99.10818146568437,72.6250484683986,90.57774331136099,5.389685924777045,64.75378053509112
Atom Insertion,CC(=O)O[C@H]1C(=O)[C@@]2(C)[C@H]([C@H](OC(=O)c3ccccc3)[C@]3(O)C[C@H](OC(=O)[C@H](O)[C@@H](NC(=O)c4cccc(O)c4)c4ccccc4)C(C)=C1C3(C)C)[C@]1(OC(C)=O)CO[C@@H]1C[C@@H]2O,2.3108879358795464,CC(=O)O[C@H]1C(=O)[C@@]2(C)[C@H]([C@H](OC(=O)c3ccccc3)[C@]3(O)C[C@H](OC(=O)[C@H](O)[C@@H](NC(=O)c4cccc(O)c4)c4ccccc4)C(C)=C1C3(C)C)[C@]1(OC(C)=O)CO[C@@H]1C[C@@H]2O,869.917,3.441300000000003,15,5,2.0,0.11142140429131203,11,241.51999999999995,0.5053069144487381,0.19490253925323486,0.6877743482589722,0.01876060450449586,0.06183256283402443,0.07862194627523422,0.1402583971619606,0.026892614923417567,0.05494514591991902,0.665090823173523,0.451716148853302,0.06178298778831959,0.3112937092781067,0.7272848963737488,0.9839571595191956,0.2188240334391594,0.3643049120903015,0.05360933560878038,0.29229253679513933,0.08631524108350278,0.2769071996212006,0.06721939817070961,0.4424034237861633,0.6033056616783142,0.2760293036699295,0.29643275439739225,0.058795574307441714,0.9217573165893554,0.38795146048069,0.09541642107069492,0.540266364812851,-5.88518607528307,99.69309050462583,107.58637246672149,-9.984537960623797,-10.527516857809122,3.8219803061482454,2.3108879218292566,104.45612504695578,-6.258388395778465,7.923456335648948,95.424583171772,68.63125242341992,95.63784412563008,90.75222954633578,9.848778596355176,6.242729740209383,96.47150058162077,94.33889104303994,83.0554478480031,12.252811167119038,34.74214811942613,40.480806514152775,41.56649864288484,28.421868941450175,70.76386196200077,19.852656068243505,51.99689802248933,68.67002714230321,78.48003101977511,24.428072896471498,77.2004652966266,66.42109344707251,37.727801473439314,93.36952307095774,94.33889104303994,62.11709965102753,90.34509499806126,86.19620007754943,87.12679333074836,87.47576580069794,31.17487398216363,79.95347033734005,69.29042264443582,96.66537417603722,77.23924001550989,98.52656068243505,93.1756494765413,4.963164017060876,65.99457153935634,14.191547111283443,90.18999612252811,96.70414889492051,19.232260566110895,41.139976735168666,96.54905001938735,66.57619232260566,96.51027530050406,3.606048856145793,86.89414501744862
Ring Modification,CC[C@H](C[C@@]1(O)[C@@H](OC(=O)c2ccccc2)[C@@H]2[C@]3(OC(C)=O)CO[C@@H]3C[C@H](O)[C@@]2(C)C(=O)[C@H](OC(C)=O)CC1(C)C)OC(=O)[C@H](O)[C@@H](NC(=O)c1ccccc1)c1ccccc1,2.923269466398966,CC[C@H](C[C@@]1(O)[C@@H](OC(=O)c2ccccc2)[C@@H]2[C@]3(OC(C)=O)CO[C@@H]3C[C@H](O)[C@@]2(C)C(=O)[C@H](OC(C)=O)CC1(C)C)OC(=O)[C@H](O)[C@@H](NC(=O)c1ccccc1)c1ccccc1,857.9500000000003,4.205700000000004,14,4,2.0,0.13987515648342186,11,221.28999999999996,0.3083357736468315,0.2608251214027405,0.661119568347931,0.014151727221906185,0.19476733952760697,0.12265200093388558,0.33761211931705476,0.05472441241145134,0.13005303591489792,0.6634489178657532,0.7549180746078491,0.127192734926939,0.355611851811409,0.8045037150382995,0.9807275056838989,0.07105619795620441,0.08275640830397606,0.044533764198422435,0.16890013515949248,0.021427658013999464,0.13451545536518097,0.0757692165672779,0.45298299193382263,0.9142209053039551,0.29823033809661864,0.14514142721891404,0.05369982607662678,0.8687944412231445,0.2100968062877655,0.10041520670056343,0.7511358857154846,-5.481269587572711,121.71648514893407,92.56227688737647,59.38037832373088,-10.859861659413596,4.527416158647857,2.923269723731522,101.64542640507989,-5.548110312503371,4.338280199037225,95.19193485847228,80.26366808840636,94.59092671578131,86.02171384257464,9.848778596355176,8.181465684373787,96.47150058162077,93.67972082202404,66.92516479255525,16.362931368747574,31.17487398216363,37.30127956572315,63.164017060876304,42.57464133385033,84.17991469561845,35.750290810391625,67.00271423032183,68.55370298565336,89.41450174486235,44.47460255913145,79.99224505622334,72.04342768514928,36.448235750290806,88.17371074059713,84.17991469561845,59.17022101589763,82.24117875145404,55.17642497091896,66.7700659170221,88.63900736719658,31.678945327646375,94.7654129507561,71.22915858860023,91.54711128344319,75.64947654129507,97.05312136487011,86.00232648313299,5.583559519193486,75.10663047692904,23.962776269872045,95.50213260953858,94.30011632415665,89.68592477704536,37.92167506785576,99.49592865451726,78.71267933307483,92.98177588212485,8.220240403257076,70.6863125242342
Stereochemistry Alteration,CC(=O)O[C@H]1C(=O)[C@]2(C)[C@H]([C@H](OC(=O)c3ccccc3)[C@]3(O)C[C@H](OC(=O)[C@H](O)[C@@H](NC(=O)c4ccccc4)c4ccccc4)C(C)=C1C3(C)C)[C@]1(OC(C)=O)CO[C@@H]1C[C@@H]2O,2.565189601199392,CC(=O)O[C@H]1C(=O)[C@]2(C)[C@H]([C@H](OC(=O)c3ccccc3)[C@]3(O)C[C@H](OC(=O)[C@H](O)[C@@H](NC(=O)c4ccccc4)c4ccccc4)C(C)=C1C3(C)C)[C@]1(OC(C)=O)CO[C@@H]1C[C@@H]2O,853.918,3.7357000000000036,14,4,2.0,0.12978619445124503,11,221.28999999999996,0.36581374108791354,0.31159751713275907,0.6602497577667237,0.008531636907719076,0.05715845562517643,0.03842425495386124,0.11913995668292046,0.02447279207408428,0.06754545271396636,0.6371204614639282,0.6097624599933624,0.0770621882751584,0.32960491329431535,0.7742162346839905,0.9774094104766846,0.24352073073387145,0.4662494361400604,0.046050043776631355,0.27833651900291445,0.031847323291003704,0.2153097227215767,0.08664658665657043,0.4967512130737305,0.729301393032074,0.3098055005073547,0.28311081826686857,0.03866509199142456,0.8999103665351867,0.32949252128601075,0.08507356029003858,0.6071487963199615,-5.6530067518510005,126.15844998611745,96.60569056993629,46.264949953702896,-11.153002783792607,4.3572073730592304,2.565189926988456,99.61929299572753,-5.935345562335895,3.278859355819571,95.15316013958899,73.20666925164792,94.59092671578131,86.02171384257464,9.848778596355176,7.212097712291586,96.47150058162077,93.67972082202404,73.09034509499806,19.038386971694454,31.058549825513765,31.75649476541295,40.480806514152775,13.997673516867003,68.32105467235363,17.991469561845676,55.253974408685536,65.21907716169058,83.94726638231873,29.93408297789841,78.32493214424196,69.60062039550213,35.323768902675454,93.4858472276076,94.61031407522296,59.75184179914695,89.8797983714618,66.14967041488948,81.62078324932143,89.84102365257851,34.1993020550601,84.91663435440093,72.12097712291586,96.4327258627375,70.29856533540132,97.78984102365257,91.62466072120976,3.683598293912369,68.55370298565336,19.464908879410622,96.23885226832105,94.92051182628926,85.88600232648314,34.81969755719271,99.22450562233423,71.65568049631639,90.34509499806126,5.777433113609926,62.85381930981
Substructure Replacement,CC(=O)O[C@H]1C(=O)[C@]2(C)[C@H](N)C[C@H]3OC[C@@]3(OC(C)=O)[C@H]2[C@H](OC(=O)c2ccccc2)[C@]2(N)C[C@H](OC(=O)[C@@H](N)[C@@H](NC(=O)c3ccccc3)c3ccccc3)C(C)=C1C2(C)C,1.9332146997090816,CC(=O)O[C@H]1C(=O)[C@]2(C)[C@H](N)C[C@H]3OC[C@@]3(OC(C)=O)[C@H]2[C@H](OC(=O)c2ccccc2)[C@]2(N)C[C@H](OC(=O)[C@@H](N)[C@@H](NC(=O)c3ccccc3)c3ccccc3)C(C)=C1C2(C)C,850.966,3.634900000000007,14,4,2.0,0.12954194804294333,11,238.66000000000003,0.5577776730060577,0.46708043217658995,0.8340838313102722,0.011681384919211269,0.09147915840148926,0.0380119925364852,0.11911683157086372,0.05442424193024635,0.15263717323541642,0.6494578719139099,0.8892511248588562,0.13726553395390512,0.6327968239784241,0.7213685512542725,0.9787582039833069,0.15256282985210418,0.2931975036859512,0.07291158698499203,0.20160148590803145,0.04069595877081156,0.15900083929300307,0.10099961012601852,0.5558129072189331,0.66181720495224,0.29791119396686555,0.3417488068342209,0.03329209145158529,0.7990972757339477,0.31365302503108977,0.13504539281129838,0.7257597982883454,-5.92742020591337,117.74978844998597,87.18124438974716,44.96747146350041,-9.867604488017331,4.250174601794811,1.9332147511085545,91.50886213788017,-5.625337498682524,5.150765266544642,95.1143854207057,71.84955409073284,94.59092671578131,86.02171384257464,9.848778596355176,7.1345482745250095,96.47150058162077,94.26134160527336,86.11865063978286,28.538193098100038,57.3090345094998,35.246219464908876,48.00310197751066,13.726250484683986,68.32105467235363,35.59519193485847,69.44552151996898,66.96393951143854,94.64908879410623,46.529662659945714,95.03683598293912,65.83947266382319,35.827840248158196,92.40015509887553,93.8348196975572,66.88639007367196,85.45948041876696,71.73322993408297,72.85769678169834,91.35323768902676,36.7972082202404,82.43505234587049,71.22915858860023,97.28576967816983,67.50678557580457,95.26948429623884,90.96549050019387,10.97324544397053,73.71074059713067,13.493602171384257,94.92051182628926,93.09810003877472,85.11050794881737,47.731678945327644,98.79798371461807,58.86002326483133,76.38619620007755,7.754943776657619,75.5719271035285
Atom Swapping,CC(=O)O[C@H]1C(=O)[C@@]2(C)[C@H]([C@H](OC(=O)c3ccccc3)[C@]3(O)C[C@H](OC(=O)[C@H](O)[C@@H](NC(=O)c4ccccc4)c4ccccc4)C(C)=C1C3(C)C)[C@]1(OC(C)=O)CO[C@@H]1C[C@@H]2O,2.5915405640321625,CC(=O)O[C@H]1C(=O)[C@@]2(C)[C@H]([C@H](OC(=O)c3ccccc3)[C@]3(O)C[C@H](OC(=O)[C@H](O)[C@@H](NC(=O)c4ccccc4)c4ccccc4)C(C)=C1C3(C)C)[C@]1(OC(C)=O)CO[C@@H]1C[C@@H]2O,853.918,3.7357000000000036,14,4,2.0,0.12978619445124503,11,221.28999999999996,0.3690257579088211,0.313214099407196,0.6864721655845643,0.007987610111013056,0.0576062198728323,0.042367860302329065,0.11490030437707902,0.024853175133466722,0.06152134500443936,0.6306055426597595,0.6012769103050232,0.08611706085503101,0.33451235443353655,0.7962758541107178,0.9790336132049561,0.20569149702787398,0.4202631890773773,0.04734908863902092,0.25445756912231443,0.028367896378040314,0.19605415910482407,0.08270415738224983,0.496009373664856,0.7438596844673157,0.29954059720039367,0.2619645059108734,0.037576324120163915,0.8947320818901062,0.2986320436000824,0.08220251500606537,0.6043513178825378,-5.646112000638434,127.14940708554795,97.40182882142126,45.36265677255511,-11.105821218558324,4.349726015371661,2.591540834807309,99.71100285099035,-5.970252675199414,3.3081267603121303,95.15316013958899,73.20666925164792,94.59092671578131,86.02171384257464,9.848778596355176,7.212097712291586,96.47150058162077,93.67972082202404,73.36176812718108,19.038386971694454,34.58704924389298,31.058549825513765,40.635905389685924,15.66498642884839,67.54556029468786,18.224117875145403,54.01318340442032,64.24970918960837,83.86971694455215,33.307483520744476,78.55758045754168,71.22915858860023,36.02171384257464,93.136874757658,94.53276463745638,60.178363706863124,88.9104303993796,63.43544009305933,79.41062427297402,89.41450174486235,34.1993020550601,85.80845288871656,71.38425746413338,95.81233036060489,69.716944552152,97.55719271035285,90.30632027917797,3.179526948429624,68.43737882900349,19.658782473827063,96.47150058162077,95.23070957735555,85.49825513765025,35.09112058937573,99.10818146568437,72.04342768514928,90.50019387359441,5.661108956960062,63.24156649864288
Atom Swapping,CC(=O)O[C@H]1C(=O)[C@@]2(C)[C@H]([C@H](OC(=O)c3ccccc3)[C@]3(O)C[C@H](OC(=O)[C@H](O)[C@@H](NC(=O)c4ccccc4)c4ccccc4)C(C)=C1C3(C)C)[C@]1(OC(C)=O)CO[C@@H]1C[C@@H]2O,2.5915405640321625,CC(=O)O[C@H]1C(=O)[C@@]2(C)[C@H]([C@H](OC(=O)c3ccccc3)[C@]3(O)C[C@H](OC(=O)[C@H](O)[C@@H](NC(=O)c4ccccc4)c4ccccc4)C(C)=C1C3(C)C)[C@]1(OC(C)=O)CO[C@@H]1C[C@@H]2O,853.918,3.7357000000000036,14,4,2.0,0.12978619445124503,11,221.28999999999996,0.3690257579088211,0.313214099407196,0.6864721655845643,0.007987610111013056,0.0576062198728323,0.042367860302329065,0.11490030437707902,0.024853175133466722,0.06152134500443936,0.6306055426597595,0.6012769103050232,0.08611706085503101,0.33451235443353655,0.7962758541107178,0.9790336132049561,0.20569149702787398,0.4202631890773773,0.04734908863902092,0.25445756912231443,0.028367896378040314,0.19605415910482407,0.08270415738224983,0.496009373664856,0.7438596844673157,0.29954059720039367,0.2619645059108734,0.037576324120163915,0.8947320818901062,0.2986320436000824,0.08220251500606537,0.6043513178825378,-5.646112000638434,127.14940708554795,97.40182882142126,45.36265677255511,-11.105821218558324,4.349726015371661,2.591540834807309,99.71100285099035,-5.970252675199414,3.3081267603121303,95.15316013958899,73.20666925164792,94.59092671578131,86.02171384257464,9.848778596355176,7.212097712291586,96.47150058162077,93.67972082202404,73.36176812718108,19.038386971694454,34.58704924389298,31.058549825513765,40.635905389685924,15.66498642884839,67.54556029468786,18.224117875145403,54.01318340442032,64.24970918960837,83.86971694455215,33.307483520744476,78.55758045754168,71.22915858860023,36.02171384257464,93.136874757658,94.53276463745638,60.178363706863124,88.9104303993796,63.43544009305933,79.41062427297402,89.41450174486235,34.1993020550601,85.80845288871656,71.38425746413338,95.81233036060489,69.716944552152,97.55719271035285,90.30632027917797,3.179526948429624,68.43737882900349,19.658782473827063,96.47150058162077,95.23070957735555,85.49825513765025,35.09112058937573,99.10818146568437,72.04342768514928,90.50019387359441,5.661108956960062,63.24156649864288
Atom Swapping,CC(=O)O[C@H]1C(=O)[C@@]2(C)[C@H]([C@H](OC(=O)c3ccccc3)[C@]3(O)C[C@H](OC(=O)[C@H](O)[C@@H](NC(=O)c4ccccc4)c4ccccc4)C(C)=C1C3(C)C)[C@]1(OC(C)=O)CO[C@@H]1C[C@@H]2O,2.5915405640321625,CC(=O)O[C@H]1C(=O)[C@@]2(C)[C@H]([C@H](OC(=O)c3ccccc3)[C@]3(O)C[C@H](OC(=O)[C@H](O)[C@@H](NC(=O)c4ccccc4)c4ccccc4)C(C)=C1C3(C)C)[C@]1(OC(C)=O)CO[C@@H]1C[C@@H]2O,853.918,3.7357000000000036,14,4,2.0,0.12978619445124503,11,221.28999999999996,0.3690257579088211,0.313214099407196,0.6864721655845643,0.007987610111013056,0.0576062198728323,0.042367860302329065,0.11490030437707902,0.024853175133466722,0.06152134500443936,0.6306055426597595,0.6012769103050232,0.08611706085503101,0.33451235443353655,0.7962758541107178,0.9790336132049561,0.20569149702787398,0.4202631890773773,0.04734908863902092,0.25445756912231443,0.028367896378040314,0.19605415910482407,0.08270415738224983,0.496009373664856,0.7438596844673157,0.29954059720039367,0.2619645059108734,0.037576324120163915,0.8947320818901062,0.2986320436000824,0.08220251500606537,0.6043513178825378,-5.646112000638434,127.14940708554795,97.40182882142126,45.36265677255511,-11.105821218558324,4.349726015371661,2.591540834807309,99.71100285099035,-5.970252675199414,3.3081267603121303,95.15316013958899,73.20666925164792,94.59092671578131,86.02171384257464,9.848778596355176,7.212097712291586,96.47150058162077,93.67972082202404,73.36176812718108,19.038386971694454,34.58704924389298,31.058549825513765,40.635905389685924,15.66498642884839,67.54556029468786,18.224117875145403,54.01318340442032,64.24970918960837,83.86971694455215,33.307483520744476,78.55758045754168,71.22915858860023,36.02171384257464,93.136874757658,94.53276463745638,60.178363706863124,88.9104303993796,63.43544009305933,79.41062427297402,89.41450174486235,34.1993020550601,85.80845288871656,71.38425746413338,95.81233036060489,69.716944552152,97.55719271035285,90.30632027917797,3.179526948429624,68.43737882900349,19.658782473827063,96.47150058162077,95.23070957735555,85.49825513765025,35.09112058937573,99.10818146568437,72.04342768514928,90.50019387359441,5.661108956960062,63.24156649864288
Atom Swapping,CC(=O)O[C@H]1C(=O)[C@@]2(C)[C@H]([C@H](OC(=O)c3ccccc3)[C@]3(O)C[C@H](OC(=O)[C@H](O)[C@@H](NC(=O)c4ccccc4)c4ccccc4)C(C)=C1C3(C)C)[C@]1(OC(C)=O)CO[C@@H]1C[C@@H]2O,2.5915405640321625,CC(=O)O[C@H]1C(=O)[C@@]2(C)[C@H]([C@H](OC(=O)c3ccccc3)[C@]3(O)C[C@H](OC(=O)[C@H](O)[C@@H](NC(=O)c4ccccc4)c4ccccc4)C(C)=C1C3(C)C)[C@]1(OC(C)=O)CO[C@@H]1C[C@@H]2O,853.918,3.7357000000000036,14,4,2.0,0.12978619445124503,11,221.28999999999996,0.3690257579088211,0.313214099407196,0.6864721655845643,0.007987610111013056,0.0576062198728323,0.042367860302329065,0.11490030437707902,0.024853175133466722,0.06152134500443936,0.6306055426597595,0.6012769103050232,0.08611706085503101,0.33451235443353655,0.7962758541107178,0.9790336132049561,0.20569149702787398,0.4202631890773773,0.04734908863902092,0.25445756912231443,0.028367896378040314,0.19605415910482407,0.08270415738224983,0.496009373664856,0.7438596844673157,0.29954059720039367,0.2619645059108734,0.037576324120163915,0.8947320818901062,0.2986320436000824,0.08220251500606537,0.6043513178825378,-5.646112000638434,127.14940708554795,97.40182882142126,45.36265677255511,-11.105821218558324,4.349726015371661,2.591540834807309,99.71100285099035,-5.970252675199414,3.3081267603121303,95.15316013958899,73.20666925164792,94.59092671578131,86.02171384257464,9.848778596355176,7.212097712291586,96.47150058162077,93.67972082202404,73.36176812718108,19.038386971694454,34.58704924389298,31.058549825513765,40.635905389685924,15.66498642884839,67.54556029468786,18.224117875145403,54.01318340442032,64.24970918960837,83.86971694455215,33.307483520744476,78.55758045754168,71.22915858860023,36.02171384257464,93.136874757658,94.53276463745638,60.178363706863124,88.9104303993796,63.43544009305933,79.41062427297402,89.41450174486235,34.1993020550601,85.80845288871656,71.38425746413338,95.81233036060489,69.716944552152,97.55719271035285,90.30632027917797,3.179526948429624,68.43737882900349,19.658782473827063,96.47150058162077,95.23070957735555,85.49825513765025,35.09112058937573,99.10818146568437,72.04342768514928,90.50019387359441,5.661108956960062,63.24156649864288
Atom Swapping,CC(=O)O[C@H]1C(=O)[C@@]2(C)[C@H]([C@H](OC(=O)c3ccccc3)[C@]3(O)C[C@H](OC(=O)[C@H](O)[C@@H](NC(=O)c4ccccc4)c4ccccc4)C(C)=C1C3(C)C)[C@]1(OC(C)=O)CO[C@@H]1C[C@@H]2O,2.5915405640321625,CC(=O)O[C@H]1C(=O)[C@@]2(C)[C@H]([C@H](OC(=O)c3ccccc3)[C@]3(O)C[C@H](OC(=O)[C@H](O)[C@@H](NC(=O)c4ccccc4)c4ccccc4)C(C)=C1C3(C)C)[C@]1(OC(C)=O)CO[C@@H]1C[C@@H]2O,853.918,3.7357000000000036,14,4,2.0,0.12978619445124503,11,221.28999999999996,0.3690257579088211,0.313214099407196,0.6864721655845643,0.007987610111013056,0.0576062198728323,0.042367860302329065,0.11490030437707902,0.024853175133466722,0.06152134500443936,0.6306055426597595,0.6012769103050232,0.08611706085503101,0.33451235443353655,0.7962758541107178,0.9790336132049561,0.20569149702787398,0.4202631890773773,0.04734908863902092,0.25445756912231443,0.028367896378040314,0.19605415910482407,0.08270415738224983,0.496009373664856,0.7438596844673157,0.29954059720039367,0.2619645059108734,0.037576324120163915,0.8947320818901062,0.2986320436000824,0.08220251500606537,0.6043513178825378,-5.646112000638434,127.14940708554795,97.40182882142126,45.36265677255511,-11.105821218558324,4.349726015371661,2.591540834807309,99.71100285099035,-5.970252675199414,3.3081267603121303,95.15316013958899,73.20666925164792,94.59092671578131,86.02171384257464,9.848778596355176,7.212097712291586,96.47150058162077,93.67972082202404,73.36176812718108,19.038386971694454,34.58704924389298,31.058549825513765,40.635905389685924,15.66498642884839,67.54556029468786,18.224117875145403,54.01318340442032,64.24970918960837,83.86971694455215,33.307483520744476,78.55758045754168,71.22915858860023,36.02171384257464,93.136874757658,94.53276463745638,60.178363706863124,88.9104303993796,63.43544009305933,79.41062427297402,89.41450174486235,34.1993020550601,85.80845288871656,71.38425746413338,95.81233036060489,69.716944552152,97.55719271035285,90.30632027917797,3.179526948429624,68.43737882900349,19.658782473827063,96.47150058162077,95.23070957735555,85.49825513765025,35.09112058937573,99.10818146568437,72.04342768514928,90.50019387359441,5.661108956960062,63.24156649864288
Atom Swapping,CC(=O)O[C@H]1C(=O)[C@@]2(C)[C@H]([C@H](OC(=O)c3ccccc3)[C@]3(O)C[C@H](OC(=O)[C@H](O)[C@@H](NC(=O)c4ccccc4)c4ccccc4)C(C)=C1C3(C)C)[C@]1(OC(C)=O)CO[C@@H]1C[C@@H]2O,2.5915405640321625,CC(=O)O[C@H]1C(=O)[C@@]2(C)[C@H]([C@H](OC(=O)c3ccccc3)[C@]3(O)C[C@H](OC(=O)[C@H](O)[C@@H](NC(=O)c4ccccc4)c4ccccc4)C(C)=C1C3(C)C)[C@]1(OC(C)=O)CO[C@@H]1C[C@@H]2O,853.918,3.7357000000000036,14,4,2.0,0.12978619445124503,11,221.28999999999996,0.3690257579088211,0.313214099407196,0.6864721655845643,0.007987610111013056,0.0576062198728323,0.042367860302329065,0.11490030437707902,0.024853175133466722,0.06152134500443936,0.6306055426597595,0.6012769103050232,0.08611706085503101,0.33451235443353655,0.7962758541107178,0.9790336132049561,0.20569149702787398,0.4202631890773773,0.04734908863902092,0.25445756912231443,0.028367896378040314,0.19605415910482407,0.08270415738224983,0.496009373664856,0.7438596844673157,0.29954059720039367,0.2619645059108734,0.037576324120163915,0.8947320818901062,0.2986320436000824,0.08220251500606537,0.6043513178825378,-5.646112000638434,127.14940708554795,97.40182882142126,45.36265677255511,-11.105821218558324,4.349726015371661,2.591540834807309,99.71100285099035,-5.970252675199414,3.3081267603121303,95.15316013958899,73.20666925164792,94.59092671578131,86.02171384257464,9.848778596355176,7.212097712291586,96.47150058162077,93.67972082202404,73.36176812718108,19.038386971694454,34.58704924389298,31.058549825513765,40.635905389685924,15.66498642884839,67.54556029468786,18.224117875145403,54.01318340442032,64.24970918960837,83.86971694455215,33.307483520744476,78.55758045754168,71.22915858860023,36.02171384257464,93.136874757658,94.53276463745638,60.178363706863124,88.9104303993796,63.43544009305933,79.41062427297402,89.41450174486235,34.1993020550601,85.80845288871656,71.38425746413338,95.81233036060489,69.716944552152,97.55719271035285,90.30632027917797,3.179526948429624,68.43737882900349,19.658782473827063,96.47150058162077,95.23070957735555,85.49825513765025,35.09112058937573,99.10818146568437,72.04342768514928,90.50019387359441,5.661108956960062,63.24156649864288
Bond Order Modification,CC(=O)O[C@H]1C(=O)[C@@]2(C)[C@H]([C@H](OC(=O)c3ccccc3)[C@]3(O)C[C@H](OC(=O)[C@H](O)[C@@H](NC(=O)c4ccccc4)c4ccccc4)C(C)=C1C3(C)C)[C@]1(OC(C)=O)CO[C@@H]1C[C@@H]2O,2.5915405640321625,CC(=O)O[C@H]1C(=O)[C@@]2(C)[C@H]([C@H](OC(=O)c3ccccc3)[C@]3(O)C[C@H](OC(=O)[C@H](O)[C@@H](NC(=O)c4ccccc4)c4ccccc4)C(C)=C1C3(C)C)[C@]1(OC(C)=O)CO[C@@H]1C[C@@H]2O,853.918,3.7357000000000036,14,4,2.0,0.12978619445124503,11,221.28999999999996,0.3690257579088211,0.313214099407196,0.6864721655845643,0.007987610111013056,0.0576062198728323,0.042367860302329065,0.11490030437707902,0.024853175133466722,0.06152134500443936,0.6306055426597595,0.6012769103050232,0.08611706085503101,0.33451235443353655,0.7962758541107178,0.9790336132049561,0.20569149702787398,0.4202631890773773,0.04734908863902092,0.25445756912231443,0.028367896378040314,0.19605415910482407,0.08270415738224983,0.496009373664856,0.7438596844673157,0.29954059720039367,0.2619645059108734,0.037576324120163915,0.8947320818901062,0.2986320436000824,0.08220251500606537,0.6043513178825378,-5.646112000638434,127.14940708554795,97.40182882142126,45.36265677255511,-11.105821218558324,4.349726015371661,2.591540834807309,99.71100285099035,-5.970252675199414,3.3081267603121303,95.15316013958899,73.20666925164792,94.59092671578131,86.02171384257464,9.848778596355176,7.212097712291586,96.47150058162077,93.67972082202404,73.36176812718108,19.038386971694454,34.58704924389298,31.058549825513765,40.635905389685924,15.66498642884839,67.54556029468786,18.224117875145403,54.01318340442032,64.24970918960837,83.86971694455215,33.307483520744476,78.55758045754168,71.22915858860023,36.02171384257464,93.136874757658,94.53276463745638,60.178363706863124,88.9104303993796,63.43544009305933,79.41062427297402,89.41450174486235,34.1993020550601,85.80845288871656,71.38425746413338,95.81233036060489,69.716944552152,97.55719271035285,90.30632027917797,3.179526948429624,68.43737882900349,19.658782473827063,96.47150058162077,95.23070957735555,85.49825513765025,35.09112058937573,99.10818146568437,72.04342768514928,90.50019387359441,5.661108956960062,63.24156649864288
Bond Order Modification,CC(=O)O[C@H]1C(=O)[C@@]2(C)[C@H]([C@H](OC(=O)c3ccccc3)[C@]3(O)C[C@H](OC(=O)[C@H](O)[C@@H](NC(=O)c4ccccc4)c4ccccc4)C(C)=C1C3(C)C)[C@]1(OC(C)=O)CO[C@@H]1C[C@@H]2O,2.5915405640321625,CC(=O)O[C@H]1C(=O)[C@@]2(C)[C@H]([C@H](OC(=O)c3ccccc3)[C@]3(O)C[C@H](OC(=O)[C@H](O)[C@@H](NC(=O)c4ccccc4)c4ccccc4)C(C)=C1C3(C)C)[C@]1(OC(C)=O)CO[C@@H]1C[C@@H]2O,853.918,3.7357000000000036,14,4,2.0,0.12978619445124503,11,221.28999999999996,0.3690257579088211,0.313214099407196,0.6864721655845643,0.007987610111013056,0.0576062198728323,0.042367860302329065,0.11490030437707902,0.024853175133466722,0.06152134500443936,0.6306055426597595,0.6012769103050232,0.08611706085503101,0.33451235443353655,0.7962758541107178,0.9790336132049561,0.20569149702787398,0.4202631890773773,0.04734908863902092,0.25445756912231443,0.028367896378040314,0.19605415910482407,0.08270415738224983,0.496009373664856,0.7438596844673157,0.29954059720039367,0.2619645059108734,0.037576324120163915,0.8947320818901062,0.2986320436000824,0.08220251500606537,0.6043513178825378,-5.646112000638434,127.14940708554795,97.40182882142126,45.36265677255511,-11.105821218558324,4.349726015371661,2.591540834807309,99.71100285099035,-5.970252675199414,3.3081267603121303,95.15316013958899,73.20666925164792,94.59092671578131,86.02171384257464,9.848778596355176,7.212097712291586,96.47150058162077,93.67972082202404,73.36176812718108,19.038386971694454,34.58704924389298,31.058549825513765,40.635905389685924,15.66498642884839,67.54556029468786,18.224117875145403,54.01318340442032,64.24970918960837,83.86971694455215,33.307483520744476,78.55758045754168,71.22915858860023,36.02171384257464,93.136874757658,94.53276463745638,60.178363706863124,88.9104303993796,63.43544009305933,79.41062427297402,89.41450174486235,34.1993020550601,85.80845288871656,71.38425746413338,95.81233036060489,69.716944552152,97.55719271035285,90.30632027917797,3.179526948429624,68.43737882900349,19.658782473827063,96.47150058162077,95.23070957735555,85.49825513765025,35.09112058937573,99.10818146568437,72.04342768514928,90.50019387359441,5.661108956960062,63.24156649864288
Bond Order Modification,CC(=O)O[C@H]1C(=O)[C@@]2(C)[C@H]([C@H](OC(=O)c3ccccc3)[C@]3(O)C[C@H](OC(=O)[C@H](O)[C@@H](NC(=O)c4ccccc4)c4ccccc4)C(C)=C1C3(C)C)[C@]1(OC(C)=O)CO[C@@H]1C[C@@H]2O,2.5915405640321625,CC(=O)O[C@H]1C(=O)[C@@]2(C)[C@H]([C@H](OC(=O)c3ccccc3)[C@]3(O)C[C@H](OC(=O)[C@H](O)[C@@H](NC(=O)c4ccccc4)c4ccccc4)C(C)=C1C3(C)C)[C@]1(OC(C)=O)CO[C@@H]1C[C@@H]2O,853.918,3.7357000000000036,14,4,2.0,0.12978619445124503,11,221.28999999999996,0.3690257579088211,0.313214099407196,0.6864721655845643,0.007987610111013056,0.0576062198728323,0.042367860302329065,0.11490030437707902,0.024853175133466722,0.06152134500443936,0.6306055426597595,0.6012769103050232,0.08611706085503101,0.33451235443353655,0.7962758541107178,0.9790336132049561,0.20569149702787398,0.4202631890773773,0.04734908863902092,0.25445756912231443,0.028367896378040314,0.19605415910482407,0.08270415738224983,0.496009373664856,0.7438596844673157,0.29954059720039367,0.2619645059108734,0.037576324120163915,0.8947320818901062,0.2986320436000824,0.08220251500606537,0.6043513178825378,-5.646112000638434,127.14940708554795,97.40182882142126,45.36265677255511,-11.105821218558324,4.349726015371661,2.591540834807309,99.71100285099035,-5.970252675199414,3.3081267603121303,95.15316013958899,73.20666925164792,94.59092671578131,86.02171384257464,9.848778596355176,7.212097712291586,96.47150058162077,93.67972082202404,73.36176812718108,19.038386971694454,34.58704924389298,31.058549825513765,40.635905389685924,15.66498642884839,67.54556029468786,18.224117875145403,54.01318340442032,64.24970918960837,83.86971694455215,33.307483520744476,78.55758045754168,71.22915858860023,36.02171384257464,93.136874757658,94.53276463745638,60.178363706863124,88.9104303993796,63.43544009305933,79.41062427297402,89.41450174486235,34.1993020550601,85.80845288871656,71.38425746413338,95.81233036060489,69.716944552152,97.55719271035285,90.30632027917797,3.179526948429624,68.43737882900349,19.658782473827063,96.47150058162077,95.23070957735555,85.49825513765025,35.09112058937573,99.10818146568437,72.04342768514928,90.50019387359441,5.661108956960062,63.24156649864288
Atom Deletion,CC(=O)O[C@H]1C(=O)[C@@]2(C)[C@H]([C@H](OC(=O)c3ccccc3)[C@]3(O)C[C@H](OC(=O)[C@H](O)[C@@H](NC(=O)c4ccccc4)c4ccccc4)C(C)=C1C3C)[C@]1(OC(C)=O)CO[C@@H]1C[C@@H]2O,2.4170179095549837,CC(=O)O[C@H]1C(=O)[C@@]2(C)[C@H]([C@H](OC(=O)c3ccccc3)[C@]3(O)C[C@H](OC(=O)[C@H](O)[C@@H](NC(=O)c4ccccc4)c4ccccc4)C(C)=C1C3C)[C@]1(OC(C)=O)CO[C@@H]1C[C@@H]2O,839.8910000000001,3.3456000000000032,14,4,2.0,0.1307831188434036,12,221.28999999999996,0.3502502471208572,0.30959709286689757,0.6858922600746155,0.008332277438603342,0.050037797540426254,0.04139315262436867,0.09116906300187111,0.02400485407561064,0.06156428270041943,0.6019960820674897,0.49893327951431277,0.07726810593158007,0.3433974638581276,0.8016511082649231,0.9717722177505493,0.24248217940330505,0.469893205165863,0.04466054942458868,0.21405678540468215,0.028354738466441633,0.20322734564542771,0.07903071790933609,0.45499578714370725,0.7211034774780274,0.2820006459951401,0.2609159916639328,0.036397955194115636,0.8785287857055664,0.2853409260511398,0.07829132657498121,0.5825451850891114,-5.71563969735256,125.31413832992735,92.25626289356505,43.56252127917816,-11.367617292342079,4.317751792226264,2.4170181043614725,98.05021123951339,-5.678986034911861,2.8302960673614326,94.95928654517255,66.88639007367196,94.59092671578131,86.02171384257464,9.848778596355176,7.250872431174874,96.85924777045366,93.67972082202404,71.57813105854983,18.96083753392788,34.35440093059325,31.523846452113222,38.07677394338891,15.27723924001551,63.86196200077549,17.75882124854595,54.01318340442032,60.95385808452889,79.99224505622334,30.050407134548273,79.37184955409073,71.77200465296626,33.85032958511051,93.4858472276076,94.61031407522296,59.20899573478092,86.73904614191547,63.43544009305933,80.37999224505621,88.98797983714618,31.75649476541295,84.6839860411012,69.91081814656843,95.7735556417216,68.86390073671966,97.32454439705312,89.72469949592865,2.869329197363319,67.62310973245444,17.991469561845676,96.00620395502132,94.22256688639007,84.3350135711516,32.842186894145016,99.06940674680108,68.20473051570376,87.86351298953082,7.444746025591314,59.63551764249709
Atom Insertion,CC(=O)O[C@H]1C(=O)[C@@]2(C)[C@H]([C@H](OC(=O)c3ccccc3)[C@]3(O)C[C@H](OC(=O)[C@H](O)[C@@H](NC(=O)c4ccccc4)c4ccccc4N)C(C)=C1C3(C)C)[C@]1(OC(C)=O)CO[C@@H]1C[C@@H]2O,2.391771684177508,CC(=O)O[C@H]1C(=O)[C@@]2(C)[C@H]([C@H](OC(=O)c3ccccc3)[C@]3(O)C[C@H](OC(=O)[C@H](O)[C@@H](NC(=O)c4ccccc4)c4ccccc4N)C(C)=C1C3(C)C)[C@]1(OC(C)=O)CO[C@@H]1C[C@@H]2O,868.9329999999999,3.317900000000003,15,5,2.0,0.08492397141500402,11,247.30999999999997,0.4019989162683487,0.6292200207710266,0.6682968437671661,0.003914142772555351,0.06942095123231411,0.05341540426015854,0.11252821385860443,0.025873525626957418,0.06975948996841908,0.6345016837120057,0.7076932609081268,0.08023840822279453,0.40702741742134096,0.8536219000816345,0.9847066879272461,0.16015340462327005,0.4583198964595795,0.061173274740576745,0.3154578611254692,0.015271800197660923,0.10692953616380692,0.052465489320456984,0.46677581071853635,0.6188595473766327,0.22891570031642913,0.23959775269031525,0.012989595718681812,0.8346110105514526,0.31464740484952924,0.05758535712957382,0.7706576704978942,-5.730247642547598,115.81420527470978,99.1510055099797,33.000200570387314,-10.912457734064038,4.125488710107298,2.3917718023488095,92.09672558002511,-5.741567230100807,4.96521242898255,95.38580845288871,66.61496704148895,95.63784412563008,90.75222954633578,9.848778596355176,4.730515703761148,96.47150058162077,94.49398991857309,76.34742148119426,40.4032570763862,31.717720046529664,22.7995347033734,43.58278402481582,19.387359441644048,67.19658782473827,19.193485847227606,56.14579294300116,64.87010469174098,87.59208995734781,31.097324544397054,83.63706863125242,76.46374563784413,38.231872818922064,92.59402869329197,94.61031407522296,64.40480806514152,91.46956184567662,46.29701434664599,58.6273749515316,84.52888716556805,32.45443970531213,80.65141527723924,64.55990694067468,95.23070957735555,49.08879410624273,96.31640170608763,90.96549050019387,1.3571151609150833,76.46374563784413,17.48739821636293,94.4552151996898,95.54090732842187,77.82086079875921,37.41760372237301,98.17758821248546,67.7394338891043,77.31678945327646,7.018224117875145,74.33113609926328
Stereochemistry Alteration,CC[C@H](C[C@@]1(O)[C@@H](OC(=O)c2ccccc2)[C@@H]2[C@]3(OC(C)=O)CO[C@@H]3C[C@H](O)[C@@]2(C)C(=O)[C@H](OC(C)=O)CC1(C)C)OC(=O)[C@H](O)[C@H](NC(=O)c1ccccc1)c1ccccc1,2.947865717750252,CC[C@H](C[C@@]1(O)[C@@H](OC(=O)c2ccccc2)[C@@H]2[C@]3(OC(C)=O)CO[C@@H]3C[C@H](O)[C@@]2(C)C(=O)[C@H](OC(C)=O)CC1(C)C)OC(=O)[C@H](O)[C@H](NC(=O)c1ccccc1)c1ccccc1,857.9500000000003,4.205700000000004,14,4,2.0,0.13987515648342186,11,221.28999999999996,0.31023752242326735,0.25963342785835264,0.6524515092372895,0.015209897607564925,0.20195991396903992,0.1202770709991455,0.35271970331668856,0.055117516964674,0.14267843067646027,0.6629876971244812,0.7808665633201599,0.12581614553928375,0.3645388290286064,0.7953849196434021,0.9817463040351868,0.07288342975080013,0.08691506087779999,0.045291905477643016,0.17199174165725709,0.021893046237528323,0.13816633373498916,0.07433599010109901,0.4511037409305573,0.9111404657363892,0.29740906357765196,0.14721173346042632,0.05447585582733154,0.8740149140357971,0.22003020942211152,0.10107100829482078,0.7559276103973389,-5.478648833458249,122.17099380250166,92.76320765802731,59.301547821958955,-10.840258834883334,4.534942427708231,2.9478657458239743,101.94003896923252,-5.55303919503139,4.323233442689433,95.19193485847228,80.26366808840636,94.59092671578131,86.02171384257464,9.848778596355176,8.181465684373787,96.47150058162077,93.67972082202404,67.04148894920512,16.285381930981,30.244280728964714,38.154323381155486,63.784412563008914,41.91547111283443,84.91663435440093,35.789065529274914,68.28227995347034,68.55370298565336,90.15122140364483,44.00930593253199,80.37999224505621,71.11283443195036,37.068631252423415,88.25126017836371,84.87785963551764,59.480418766963936,82.7452500969368,55.874369910818146,67.70065917022102,88.40635905389686,31.640170608763086,94.37766576192323,71.15160915083365,91.54711128344319,75.84335013571152,97.16944552151996,86.93291973633191,5.738658394726638,75.5719271035285,23.962776269872045,95.57968204730516,94.37766576192323,89.68592477704536,38.154323381155486,99.49592865451726,79.44939899185731,93.4858472276076,8.181465684373787,70.53121364870104
Stereochemistry Alteration,CC(=O)O[C@H]1C(=O)[C@]2(C)[C@@H](O)C[C@H]3OC[C@@]3(OC(C)=O)[C@@H]2[C@H](OC(=O)c2ccccc2)[C@]2(O)C[C@H](OC(=O)C[C@@H](NC(=O)c3ccccc3)c3ccccc3)C(C)=C1C2(C)C,2.9804941050446927,CC(=O)O[C@H]1C(=O)[C@]2(C)[C@@H](O)C[C@H]3OC[C@@]3(OC(C)=O)[C@@H]2[C@H](OC(=O)c2ccccc2)[C@]2(O)C[C@H](OC(=O)C[C@@H](NC(=O)c3ccccc3)c3ccccc3)C(C)=C1C2(C)C,837.919,4.764900000000004,13,3,2.0,0.1435322584063179,10,201.06,0.3767308071255684,0.3692920535802841,0.7459781527519226,0.007306439441163093,0.0697761595249176,0.047098973765969276,0.127687306702137,0.024811120145022868,0.055908233672380445,0.6559708952903748,0.6325550734996795,0.1182030975818634,0.3316091880202293,0.8011697411537171,0.9850988149642944,0.16846542209386825,0.399378901720047,0.050877618789672854,0.23962257504463197,0.022850749641656877,0.18234170377254486,0.072640061378479,0.5629028022289276,0.7990560412406922,0.31923733949661254,0.22283535748720168,0.03910240083932877,0.9101818203926086,0.2697010040283203,0.08720822371542454,0.5864870250225067,-5.4728475367886045,131.29681741504365,104.13034678639674,43.78864457939904,-10.141795649700693,4.3515740636959706,2.980494233972111,102.24539673816962,-6.662101740594698,5.025286209455375,94.92051182628926,86.77782086079876,93.54400930593253,77.25862737495153,9.848778596355176,8.452888716556805,95.52151996898023,91.62466072120976,74.05971306708027,22.41178751454052,42.22566886390074,30.050407134548273,43.73788290034897,17.177200465296625,69.29042264443582,18.224117875145403,52.30709577355564,67.81698332687088,84.52888716556805,42.53586661496704,78.36370686312524,71.69445521519968,38.34819697557192,92.67157813105855,94.53276463745638,61.341605273361765,87.9410624272974,57.03761147731679,77.27801473439317,88.290034897247,36.952307095773556,88.13493602171384,72.70259790616518,94.68786351298952,70.49243892981775,98.0224893369523,89.10430399379604,3.9162466072120976,67.70065917022102,24.117875145405193,97.20822024040325,96.20007754943776,84.45133772780147,44.90112446684761,99.18573090345095,80.4187669639395,93.67972082202404,1.9775106630476929,74.75765800697945
Stereochemistry Alteration,CC(=O)O[C@H]1C(=O)[C@]2(C)[C@@H](O)C[C@H]3OC[C@@]3(OC(C)=O)[C@@H]2[C@H](OC(=O)c2ccccc2)[C@]2(O)C[C@H](OC(=O)C[C@@H](NC(=O)c3ccccc3)c3ccccc3)C(C)=C1C2(C)C,2.9804941050446927,CC(=O)O[C@H]1C(=O)[C@]2(C)[C@@H](O)C[C@H]3OC[C@@]3(OC(C)=O)[C@@H]2[C@H](OC(=O)c2ccccc2)[C@]2(O)C[C@H](OC(=O)C[C@@H](NC(=O)c3ccccc3)c3ccccc3)C(C)=C1C2(C)C,837.919,4.764900000000004,13,3,2.0,0.1435322584063179,10,201.06,0.3767308071255684,0.3692920535802841,0.7459781527519226,0.007306439441163093,0.0697761595249176,0.047098973765969276,0.127687306702137,0.024811120145022868,0.055908233672380445,0.6559708952903748,0.6325550734996795,0.1182030975818634,0.3316091880202293,0.8011697411537171,0.9850988149642944,0.16846542209386825,0.399378901720047,0.050877618789672854,0.23962257504463197,0.022850749641656877,0.18234170377254486,0.072640061378479,0.5629028022289276,0.7990560412406922,0.31923733949661254,0.22283535748720168,0.03910240083932877,0.9101818203926086,0.2697010040283203,0.08720822371542454,0.5864870250225067,-5.4728475367886045,131.29681741504365,104.13034678639674,43.78864457939904,-10.141795649700693,4.3515740636959706,2.980494233972111,102.24539673816962,-6.662101740594698,5.025286209455375,94.92051182628926,86.77782086079876,93.54400930593253,77.25862737495153,9.848778596355176,8.452888716556805,95.52151996898023,91.62466072120976,74.05971306708027,22.41178751454052,42.22566886390074,30.050407134548273,43.73788290034897,17.177200465296625,69.29042264443582,18.224117875145403,52.30709577355564,67.81698332687088,84.52888716556805,42.53586661496704,78.36370686312524,71.69445521519968,38.34819697557192,92.67157813105855,94.53276463745638,61.341605273361765,87.9410624272974,57.03761147731679,77.27801473439317,88.290034897247,36.952307095773556,88.13493602171384,72.70259790616518,94.68786351298952,70.49243892981775,98.0224893369523,89.10430399379604,3.9162466072120976,67.70065917022102,24.117875145405193,97.20822024040325,96.20007754943776,84.45133772780147,44.90112446684761,99.18573090345095,80.4187669639395,93.67972082202404,1.9775106630476929,74.75765800697945
Stereochemistry Alteration,CC(=O)O[C@H]1C(=O)[C@]2(C)[C@@H](O)C[C@H]3OC[C@@]3(OC(C)=O)[C@@H]2[C@H](OC(=O)c2ccccc2)[C@]2(O)C[C@H](OC(=O)C[C@@H](NC(=O)c3ccccc3)c3ccccc3)C(C)=C1C2(C)C,2.9804941050446927,CC(=O)O[C@H]1C(=O)[C@]2(C)[C@@H](O)C[C@H]3OC[C@@]3(OC(C)=O)[C@@H]2[C@H](OC(=O)c2ccccc2)[C@]2(O)C[C@H](OC(=O)C[C@@H](NC(=O)c3ccccc3)c3ccccc3)C(C)=C1C2(C)C,837.919,4.764900000000004,13,3,2.0,0.1435322584063179,10,201.06,0.3767308071255684,0.3692920535802841,0.7459781527519226,0.007306439441163093,0.0697761595249176,0.047098973765969276,0.127687306702137,0.024811120145022868,0.055908233672380445,0.6559708952903748,0.6325550734996795,0.1182030975818634,0.3316091880202293,0.8011697411537171,0.9850988149642944,0.16846542209386825,0.399378901720047,0.050877618789672854,0.23962257504463197,0.022850749641656877,0.18234170377254486,0.072640061378479,0.5629028022289276,0.7990560412406922,0.31923733949661254,0.22283535748720168,0.03910240083932877,0.9101818203926086,0.2697010040283203,0.08720822371542454,0.5864870250225067,-5.4728475367886045,131.29681741504365,104.13034678639674,43.78864457939904,-10.141795649700693,4.3515740636959706,2.980494233972111,102.24539673816962,-6.662101740594698,5.025286209455375,94.92051182628926,86.77782086079876,93.54400930593253,77.25862737495153,9.848778596355176,8.452888716556805,95.52151996898023,91.62466072120976,74.05971306708027,22.41178751454052,42.22566886390074,30.050407134548273,43.73788290034897,17.177200465296625,69.29042264443582,18.224117875145403,52.30709577355564,67.81698332687088,84.52888716556805,42.53586661496704,78.36370686312524,71.69445521519968,38.34819697557192,92.67157813105855,94.53276463745638,61.341605273361765,87.9410624272974,57.03761147731679,77.27801473439317,88.290034897247,36.952307095773556,88.13493602171384,72.70259790616518,94.68786351298952,70.49243892981775,98.0224893369523,89.10430399379604,3.9162466072120976,67.70065917022102,24.117875145405193,97.20822024040325,96.20007754943776,84.45133772780147,44.90112446684761,99.18573090345095,80.4187669639395,93.67972082202404,1.9775106630476929,74.75765800697945
Stereochemistry Alteration,CC(=O)O[C@H]1C(=O)[C@]2(C)[C@@H](O)C[C@H]3OC[C@@]3(OC(C)=O)[C@@H]2[C@H](OC(=O)c2ccccc2)[C@]2(O)C[C@H](OC(=O)C[C@@H](NC(=O)c3ccccc3)c3ccccc3)C(C)=C1C2(C)C,2.9804941050446927,CC(=O)O[C@H]1C(=O)[C@]2(C)[C@@H](O)C[C@H]3OC[C@@]3(OC(C)=O)[C@@H]2[C@H](OC(=O)c2ccccc2)[C@]2(O)C[C@H](OC(=O)C[C@@H](NC(=O)c3ccccc3)c3ccccc3)C(C)=C1C2(C)C,837.919,4.764900000000004,13,3,2.0,0.1435322584063179,10,201.06,0.3767308071255684,0.3692920535802841,0.7459781527519226,0.007306439441163093,0.0697761595249176,0.047098973765969276,0.127687306702137,0.024811120145022868,0.055908233672380445,0.6559708952903748,0.6325550734996795,0.1182030975818634,0.3316091880202293,0.8011697411537171,0.9850988149642944,0.16846542209386825,0.399378901720047,0.050877618789672854,0.23962257504463197,0.022850749641656877,0.18234170377254486,0.072640061378479,0.5629028022289276,0.7990560412406922,0.31923733949661254,0.22283535748720168,0.03910240083932877,0.9101818203926086,0.2697010040283203,0.08720822371542454,0.5864870250225067,-5.4728475367886045,131.29681741504365,104.13034678639674,43.78864457939904,-10.141795649700693,4.3515740636959706,2.980494233972111,102.24539673816962,-6.662101740594698,5.025286209455375,94.92051182628926,86.77782086079876,93.54400930593253,77.25862737495153,9.848778596355176,8.452888716556805,95.52151996898023,91.62466072120976,74.05971306708027,22.41178751454052,42.22566886390074,30.050407134548273,43.73788290034897,17.177200465296625,69.29042264443582,18.224117875145403,52.30709577355564,67.81698332687088,84.52888716556805,42.53586661496704,78.36370686312524,71.69445521519968,38.34819697557192,92.67157813105855,94.53276463745638,61.341605273361765,87.9410624272974,57.03761147731679,77.27801473439317,88.290034897247,36.952307095773556,88.13493602171384,72.70259790616518,94.68786351298952,70.49243892981775,98.0224893369523,89.10430399379604,3.9162466072120976,67.70065917022102,24.117875145405193,97.20822024040325,96.20007754943776,84.45133772780147,44.90112446684761,99.18573090345095,80.4187669639395,93.67972082202404,1.9775106630476929,74.75765800697945
Substructure Replacement,CC(=O)O[C@H]1C(=O)[C@]2(C)[C@H](N)C[C@H]3OC[C@@]3(OC(C)=O)[C@H]2[C@H](OC(=O)c2ccccc2)[C@]2(N)C[C@H](OC(=O)C[C@@H](NC(=O)c3ccccc3)c3ccccc3)C(C)=C1C2(C)C,2.2248680250503146,CC(=O)O[C@H]1C(=O)[C@]2(C)[C@H](N)C[C@H]3OC[C@@]3(OC(C)=O)[C@H]2[C@H](OC(=O)c2ccccc2)[C@]2(N)C[C@H](OC(=O)C[C@@H](NC(=O)c3ccccc3)c3ccccc3)C(C)=C1C2(C)C,835.951,4.697700000000006,13,3,2.0,0.14384422824859003,10,212.64000000000001,0.5698933452367783,0.47163269519805906,0.8391970753669739,0.011045828927308321,0.09805959984660148,0.03879469744861126,0.12358330115675926,0.04820973426103592,0.13936456963419913,0.6420421361923218,0.8801536917686462,0.1715128406882286,0.6009132087230682,0.7150055885314941,0.9819593667984009,0.1629950910806656,0.32888972461223603,0.06145525649189949,0.20323875695466995,0.044681675359606744,0.18015654087066652,0.10556458979845047,0.5704644203186036,0.693148547410965,0.3438405215740204,0.3212517827749252,0.04003048539161682,0.830839192867279,0.3207764446735382,0.1477057747542858,0.6845557391643524,-5.788305867420101,120.77725215084433,90.6103420345298,38.08634148234354,-9.404269662756608,4.364001919846774,2.2248682161876907,93.90109303491491,-5.901071889430398,6.232939640568087,94.88173710740597,86.04110120201628,93.54400930593253,77.25862737495153,9.848778596355176,8.452888716556805,95.52151996898023,92.8266770065917,86.50639782861575,28.809616130283054,58.58860023264831,34.703373400542844,49.12756882512602,14.113997673516867,68.86390073671966,32.60953858084529,67.97208220240402,65.99457153935634,94.1062427297402,53.35401318340442,93.95114385420706,65.56804963164016,37.18495540907328,92.67157813105855,94.1062427297402,64.55990694067468,85.73090345094998,74.17603722373012,76.89026754556029,91.70221015897634,37.34005428460644,83.4044203179527,74.29236138037999,97.13067080263667,71.11283443195036,96.23885226832105,91.1981388134936,13.067080263668089,71.3454827452501,15.936409461031406,95.30825901512213,93.7960449786739,81.0779371849554,52.57851880573865,99.22450562233423,64.55990694067468,80.72896471500582,6.010081426909655,81.11671190383869
Bond Order Modification,CC(=O)O[C@@]12CO[C@@H]1C[C@@H](O)[C@@]1(C)C(=O)[C@H](OC(C)O)C3=C(C)[C@@H](OC(=O)[C@H](O)[C@@H](NC(=O)c4ccccc4)c4ccccc4)C[C@@](O)([C@@H](OC(=O)c4ccccc4)[C@H]21)C3(C)C,2.6249580061924696,CC(=O)O[C@@]12CO[C@@H]1C[C@@H](O)[C@@]1(C)C(=O)[C@H](OC(C)O)C3=C(C)[C@@H](OC(=O)[C@H](O)[C@@H](NC(=O)c4ccccc4)c4ccccc4)C[C@@](O)([C@@H](OC(=O)c4ccccc4)[C@H]21)C3(C)C,855.9340000000002,3.5275000000000034,14,5,2.0,0.08061521249198968,12,224.45,0.32786317318677904,0.2837302803993225,0.7916832566261292,0.005620399757754057,0.06280097812414169,0.05971076339483261,0.11325710490345955,0.025397897325456144,0.03657101914286613,0.62846799492836,0.5870253205299377,0.11351531967520714,0.3266614034771919,0.8416342735290527,0.9840567231178283,0.10576987154781818,0.26213288903236387,0.06110042855143547,0.20037690550088882,0.016510905977338553,0.12768252640962602,0.07004507705569267,0.5224387884140015,0.7816441416740417,0.2687219321727753,0.17499228417873383,0.03258433602750301,0.867111074924469,0.1871226519346237,0.07198450528085232,0.5948488473892212,-5.662915029999544,127.46197652694407,96.59608913614211,36.98386312641246,-10.820350659619507,4.301942829390447,2.6249580295456343,99.3003710282639,-5.826850877979037,4.568501332432732,95.19193485847228,70.10469174098488,94.59092671578131,90.75222954633578,9.848778596355176,4.6917409848778595,96.85924777045366,93.91236913532377,69.17409848778595,17.48739821636293,49.554090732842184,27.025979061651803,41.799146956184565,21.481194261341606,67.3904614191547,18.456766188445133,45.71539356339667,64.01706087630865,83.52074447460255,41.60527336176813,78.05350911205893,75.37805350911205,37.80535091120589,90.92671578131058,93.52462194649088,64.40480806514152,85.42070569988367,48.23575029081039,65.25785188057387,87.86351298953082,35.36254362155874,87.47576580069794,68.47615354788678,92.98177588212485,67.27413726250485,97.01434664598682,84.49011244668476,2.2489336952307095,67.97208220240402,19.309810003877473,96.54905001938735,94.92051182628926,80.53509112058937,38.309422256688634,99.03063202791779,72.6250484683986,89.99612252811167,6.359053896859248,71.92710352849942
Substructure Replacement,CC[C@H](C[C@@]1(N)[C@@H](OC(=O)c2ccccc2)[C@@H]2[C@]3(OC(C)=O)CO[C@@H]3C[C@@H](N)[C@@]2(C)C(=O)[C@H](OC(C)=O)CC1(C)C)OC(=O)[C@@H](N)[C@H](NC(=O)c1ccccc1)c1ccccc1,2.013841532879249,CC[C@H](C[C@@]1(N)[C@@H](OC(=O)c2ccccc2)[C@@H]2[C@]3(OC(C)=O)CO[C@@H]3C[C@@H](N)[C@@]2(C)C(=O)[C@H](OC(C)=O)CC1(C)C)OC(=O)[C@@H](N)[C@H](NC(=O)c1ccccc1)c1ccccc1,854.9980000000002,4.104900000000007,14,4,2.0,0.13994657884427197,11,238.65999999999997,0.592528012394905,0.47276997566223145,0.8276367068290711,0.014619327941909432,0.09721903055906296,0.038029008731246,0.12558133527636528,0.06371762268245221,0.21311581283807754,0.6419467449188232,0.9158929824829102,0.14309014678001403,0.6709060966968536,0.6612488150596618,0.9831018805503845,0.15193002596497535,0.24344255030155182,0.08641018271446228,0.20755082964897156,0.043088972195982934,0.15066362544894218,0.10426092818379402,0.5427398145198822,0.7264751255512237,0.28060821890830995,0.33786278069019315,0.04190653823316097,0.8061068892478943,0.3005137830972672,0.15627635419368743,0.7621895790100097,-5.906270527789859,123.1340530022942,89.09446392309015,42.38192469998717,-9.457625957476722,4.063012115882813,2.0138414655091053,92.57289866047093,-5.745798568889443,5.689715958660128,95.19193485847228,78.59635517642496,94.59092671578131,86.02171384257464,9.848778596355176,8.181465684373787,96.47150058162077,94.26134160527336,87.55331523846452,28.848390849166343,55.64172159751842,37.533927879022876,48.97246994959286,13.726250484683986,69.0577743311361,38.65839472663823,74.44746025591314,65.99457153935634,95.57968204730516,47.61535478867778,96.62659945715393,62.93136874757658,37.49515316013959,92.40015509887553,93.25319891430787,69.13532376890268,85.92477704536643,73.20666925164792,71.22915858860023,91.58588600232648,36.02171384257464,84.83908491663435,69.75571927103529,97.24699495928654,72.04342768514928,95.57968204730516,90.46141915471112,14.501744862349748,75.99844901124467,13.958898797983714,95.65723148507173,93.40829778984101,83.79216750678557,51.958123303606044,97.82861574253586,60.2559131446297,78.13105854982551,7.018224117875145,78.71267933307483
Bond Order Modification,CC(=O)O[C@@H]1C2=C(C)[C@@H](OC(=O)C[C@@H](NC(=O)c3ccccc3)c3ccccc3)C[C@@](O)([C@@H](OC(=O)c3ccccc3)[C@@H]3[C@]4(OC(C)=O)CO[C@@H]4C[C@H](O)[C@@]3(C)C1O)C2(C)C,2.897808710593372,CC(=O)O[C@@H]1C2=C(C)[C@@H](OC(=O)C[C@@H](NC(=O)c3ccccc3)c3ccccc3)C[C@@](O)([C@@H](OC(=O)c3ccccc3)[C@@H]3[C@]4(OC(C)=O)CO[C@@H]4C[C@H](O)[C@@]3(C)C1O)C2(C)C,839.9350000000001,4.556700000000005,13,4,2.0,0.12587725853250467,11,204.21999999999994,0.3945951730012894,0.2863622590899467,0.591816908121109,0.013030741875991226,0.29391190856695176,0.13169237226247787,0.35566529631614685,0.05700100138783455,0.13084239214658738,0.7087028861045838,0.7693514108657837,0.1674145832657814,0.39307239055633547,0.7612701058387756,0.943397867679596,0.03946861885488033,0.07929755598306656,0.02485661320388317,0.14655311405658722,0.026314282044768333,0.15265031009912491,0.04684550240635872,0.3915588676929474,0.8933575868606567,0.2526537150144577,0.09397200271487235,0.04471278265118599,0.8244327545166016,0.15192340165376664,0.16389922201633453,0.8664810299873352,-5.551109053617621,97.66706640416814,93.43889394621195,74.22166097599381,-10.730437931307373,4.5347482551871625,2.8978088608335764,98.22632406435261,-5.530888760184615,1.9202562546842141,94.95928654517255,84.52888716556805,93.54400930593253,86.02171384257464,9.848778596355176,6.979449398991857,96.47150058162077,92.01240791004265,75.68825126017836,17.68127181077937,24.81582008530438,36.331911593640946,72.23730127956573,45.250096936797206,84.9941837921675,36.487010469174095,67.04148894920512,74.56378441256301,89.80224893369522,52.61729352462194,82.66770065917022,68.59247770453663,29.662659945715394,80.96161302830555,83.55951919348584,50.601008142690965,80.06979449398992,61.14773167894533,71.3454827452501,82.55137650252036,29.08103916246607,92.94300116324156,66.7700659170221,87.47576580069794,73.12911981388135,96.12252811167119,81.00038774718882,15.471112834431949,83.32687088018612,21.79139201240791,89.53082590151222,94.49398991857309,92.63280341217526,39.240015509887556,99.49592865451726,78.01473439317564,88.09616130283055,8.491663435440092,53.509112058937575
Bond Order Modification,CC(=O)O[C@@H]1C2=C(C)[C@@H](OC(=O)C[C@@H](NC(=O)c3ccccc3)c3ccccc3)C[C@@](O)([C@@H](OC(=O)c3ccccc3)[C@@H]3[C@]4(OC(C)=O)CO[C@@H]4C[C@H](O)[C@@]3(C)C1O)C2(C)C,2.897808710593372,CC(=O)O[C@@H]1C2=C(C)[C@@H](OC(=O)C[C@@H](NC(=O)c3ccccc3)c3ccccc3)C[C@@](O)([C@@H](OC(=O)c3ccccc3)[C@@H]3[C@]4(OC(C)=O)CO[C@@H]4C[C@H](O)[C@@]3(C)C1O)C2(C)C,839.9350000000001,4.556700000000005,13,4,2.0,0.12587725853250467,11,204.21999999999994,0.3945951730012894,0.2863622590899467,0.591816908121109,0.013030741875991226,0.29391190856695176,0.13169237226247787,0.35566529631614685,0.05700100138783455,0.13084239214658738,0.7087028861045838,0.7693514108657837,0.1674145832657814,0.39307239055633547,0.7612701058387756,0.943397867679596,0.03946861885488033,0.07929755598306656,0.02485661320388317,0.14655311405658722,0.026314282044768333,0.15265031009912491,0.04684550240635872,0.3915588676929474,0.8933575868606567,0.2526537150144577,0.09397200271487235,0.04471278265118599,0.8244327545166016,0.15192340165376664,0.16389922201633453,0.8664810299873352,-5.551109053617621,97.66706640416814,93.43889394621195,74.22166097599381,-10.730437931307373,4.5347482551871625,2.8978088608335764,98.22632406435261,-5.530888760184615,1.9202562546842141,94.95928654517255,84.52888716556805,93.54400930593253,86.02171384257464,9.848778596355176,6.979449398991857,96.47150058162077,92.01240791004265,75.68825126017836,17.68127181077937,24.81582008530438,36.331911593640946,72.23730127956573,45.250096936797206,84.9941837921675,36.487010469174095,67.04148894920512,74.56378441256301,89.80224893369522,52.61729352462194,82.66770065917022,68.59247770453663,29.662659945715394,80.96161302830555,83.55951919348584,50.601008142690965,80.06979449398992,61.14773167894533,71.3454827452501,82.55137650252036,29.08103916246607,92.94300116324156,66.7700659170221,87.47576580069794,73.12911981388135,96.12252811167119,81.00038774718882,15.471112834431949,83.32687088018612,21.79139201240791,89.53082590151222,94.49398991857309,92.63280341217526,39.240015509887556,99.49592865451726,78.01473439317564,88.09616130283055,8.491663435440092,53.509112058937575
Bond Order Modification,CC(=O)O[C@@H]1C2=C(C)[C@@H](OC(=O)C[C@@H](NC(=O)c3ccccc3)c3ccccc3)C[C@@](O)([C@@H](OC(=O)c3ccccc3)[C@@H]3[C@]4(OC(C)=O)CO[C@@H]4C[C@H](O)[C@@]3(C)C1O)C2(C)C,2.897808710593372,CC(=O)O[C@@H]1C2=C(C)[C@@H](OC(=O)C[C@@H](NC(=O)c3ccccc3)c3ccccc3)C[C@@](O)([C@@H](OC(=O)c3ccccc3)[C@@H]3[C@]4(OC(C)=O)CO[C@@H]4C[C@H](O)[C@@]3(C)C1O)C2(C)C,839.9350000000001,4.556700000000005,13,4,2.0,0.12587725853250467,11,204.21999999999994,0.3945951730012894,0.2863622590899467,0.591816908121109,0.013030741875991226,0.29391190856695176,0.13169237226247787,0.35566529631614685,0.05700100138783455,0.13084239214658738,0.7087028861045838,0.7693514108657837,0.1674145832657814,0.39307239055633547,0.7612701058387756,0.943397867679596,0.03946861885488033,0.07929755598306656,0.02485661320388317,0.14655311405658722,0.026314282044768333,0.15265031009912491,0.04684550240635872,0.3915588676929474,0.8933575868606567,0.2526537150144577,0.09397200271487235,0.04471278265118599,0.8244327545166016,0.15192340165376664,0.16389922201633453,0.8664810299873352,-5.551109053617621,97.66706640416814,93.43889394621195,74.22166097599381,-10.730437931307373,4.5347482551871625,2.8978088608335764,98.22632406435261,-5.530888760184615,1.9202562546842141,94.95928654517255,84.52888716556805,93.54400930593253,86.02171384257464,9.848778596355176,6.979449398991857,96.47150058162077,92.01240791004265,75.68825126017836,17.68127181077937,24.81582008530438,36.331911593640946,72.23730127956573,45.250096936797206,84.9941837921675,36.487010469174095,67.04148894920512,74.56378441256301,89.80224893369522,52.61729352462194,82.66770065917022,68.59247770453663,29.662659945715394,80.96161302830555,83.55951919348584,50.601008142690965,80.06979449398992,61.14773167894533,71.3454827452501,82.55137650252036,29.08103916246607,92.94300116324156,66.7700659170221,87.47576580069794,73.12911981388135,96.12252811167119,81.00038774718882,15.471112834431949,83.32687088018612,21.79139201240791,89.53082590151222,94.49398991857309,92.63280341217526,39.240015509887556,99.49592865451726,78.01473439317564,88.09616130283055,8.491663435440092,53.509112058937575
Bond Order Modification,CC(=O)O[C@@H]1C2=C(C)[C@@H](OC(=O)C[C@@H](NC(=O)c3ccccc3)c3ccccc3)C[C@@](O)([C@@H](OC(=O)c3ccccc3)[C@@H]3[C@]4(OC(C)=O)CO[C@@H]4C[C@H](O)[C@@]3(C)C1O)C2(C)C,2.897808710593372,CC(=O)O[C@@H]1C2=C(C)[C@@H](OC(=O)C[C@@H](NC(=O)c3ccccc3)c3ccccc3)C[C@@](O)([C@@H](OC(=O)c3ccccc3)[C@@H]3[C@]4(OC(C)=O)CO[C@@H]4C[C@H](O)[C@@]3(C)C1O)C2(C)C,839.9350000000001,4.556700000000005,13,4,2.0,0.12587725853250467,11,204.21999999999994,0.3945951730012894,0.2863622590899467,0.591816908121109,0.013030741875991226,0.29391190856695176,0.13169237226247787,0.35566529631614685,0.05700100138783455,0.13084239214658738,0.7087028861045838,0.7693514108657837,0.1674145832657814,0.39307239055633547,0.7612701058387756,0.943397867679596,0.03946861885488033,0.07929755598306656,0.02485661320388317,0.14655311405658722,0.026314282044768333,0.15265031009912491,0.04684550240635872,0.3915588676929474,0.8933575868606567,0.2526537150144577,0.09397200271487235,0.04471278265118599,0.8244327545166016,0.15192340165376664,0.16389922201633453,0.8664810299873352,-5.551109053617621,97.66706640416814,93.43889394621195,74.22166097599381,-10.730437931307373,4.5347482551871625,2.8978088608335764,98.22632406435261,-5.530888760184615,1.9202562546842141,94.95928654517255,84.52888716556805,93.54400930593253,86.02171384257464,9.848778596355176,6.979449398991857,96.47150058162077,92.01240791004265,75.68825126017836,17.68127181077937,24.81582008530438,36.331911593640946,72.23730127956573,45.250096936797206,84.9941837921675,36.487010469174095,67.04148894920512,74.56378441256301,89.80224893369522,52.61729352462194,82.66770065917022,68.59247770453663,29.662659945715394,80.96161302830555,83.55951919348584,50.601008142690965,80.06979449398992,61.14773167894533,71.3454827452501,82.55137650252036,29.08103916246607,92.94300116324156,66.7700659170221,87.47576580069794,73.12911981388135,96.12252811167119,81.00038774718882,15.471112834431949,83.32687088018612,21.79139201240791,89.53082590151222,94.49398991857309,92.63280341217526,39.240015509887556,99.49592865451726,78.01473439317564,88.09616130283055,8.491663435440092,53.509112058937575
Atom Insertion,CC(=O)O[C@H]1C(=O)[C@]2(C)[C@@H](O)C[C@H]3OC[C@@]3(OC(C)=O)[C@@H]2[C@H](OC(=O)c2ccccc2)[C@]2(O)C[C@H](OC(=O)C[C@@H](NC(=O)c3ccccc3)c3ccccc3N)C(C)=C1C2(C)C,2.757463085509941,CC(=O)O[C@H]1C(=O)[C@]2(C)[C@@H](O)C[C@H]3OC[C@@]3(OC(C)=O)[C@@H]2[C@H](OC(=O)c2ccccc2)[C@]2(O)C[C@H](OC(=O)C[C@@H](NC(=O)c3ccccc3)c3ccccc3N)C(C)=C1C2(C)C,852.9339999999999,4.347100000000003,14,4,2.0,0.09635073198923472,10,227.08,0.4061251670122147,0.7015559673309326,0.7355233311653138,0.0034983782446943224,0.0851244367659092,0.05700203441083431,0.12955513894557952,0.026304174587130545,0.057220959290862086,0.6683815717697144,0.7504302859306335,0.10308424048125744,0.4013162970542908,0.8609848976135254,0.9901849508285523,0.12764867022633553,0.4463474452495575,0.06871037781238556,0.29635229408741,0.012007518298923969,0.10003735572099685,0.049835408478975295,0.5609179437160492,0.6661811172962189,0.23664632588624954,0.21970234662294388,0.012708355020731688,0.8710070610046386,0.30452453196048734,0.05902506075799465,0.7681229114532471,-5.560398139658356,119.23291252996796,104.55939865814386,33.91124350969453,-10.117296179257304,4.186215238846589,2.757463137321601,95.14307205207436,-6.535075668831037,5.083703973668381,95.1143854207057,82.35750290810391,94.59092671578131,86.02171384257464,9.848778596355176,5.350911205893757,95.52151996898023,93.95114385420706,76.69639395114385,46.490887941062425,41.33385032958511,21.752617293524622,46.9174098487786,20.666925164792556,69.44552151996898,19.426134160527337,52.65606824350523,68.90267545560295,89.2594028693292,38.34819697557192,83.28809616130283,77.39433889104303,41.95424583171772,92.05118262892594,94.61031407522296,65.91702210158977,90.61651803024428,40.20938348196975,55.56417215975184,83.59829391236913,36.952307095773556,82.66770065917022,65.21907716169058,94.61031407522296,48.5459480418767,97.05312136487011,90.69406746801086,1.4734393175649476,76.34742148119426,21.519968980224892,95.15316013958899,96.23885226832105,78.86777820860799,45.250096936797206,98.56533540131834,75.10663047692904,82.97789841023652,2.44280728964715,75.10663047692904
Atom Insertion,CC(=O)O[C@H]1C(=O)[C@]2(C)[C@@H](O)C[C@H]3OC[C@@]3(OC(C)=O)[C@@H]2[C@H](OC(=O)c2ccccc2)[C@]2(O)C[C@H](OC(=O)C[C@H](c3ccccc3)N(C)C(=O)c3ccccc3)C(C)=C1C2(C)C,3.229325304490461,CC(=O)O[C@H]1C(=O)[C@]2(C)[C@@H](O)C[C@H]3OC[C@@]3(OC(C)=O)[C@@H]2[C@H](OC(=O)c2ccccc2)[C@]2(O)C[C@H](OC(=O)C[C@H](c3ccccc3)N(C)C(=O)c3ccccc3)C(C)=C1C2(C)C,851.9459999999999,5.107100000000004,13,2,1.0,0.15564842988429406,10,192.27,0.3248213492333889,0.4922566652297974,0.7467576503753662,0.005068088578991592,0.08559096679091453,0.05154068730771542,0.16948278695344926,0.022145044058561325,0.04834573864936829,0.7086858510971069,0.6676803708076477,0.0920952945947647,0.25562007278203963,0.738867712020874,0.9935406923294068,0.16992678195238115,0.4632890820503235,0.054317957162857054,0.26165325492620467,0.02249060720205307,0.18610822409391403,0.040556837990880015,0.7282304048538208,0.8647565364837646,0.3317985892295837,0.14667436480522156,0.02899739146232605,0.906070065498352,0.17663632333278656,0.08579239528626204,0.623794573545456,-5.292427210763312,143.5540434362626,113.4172704412703,25.80308242507359,-9.742289301788079,4.437719100773085,3.2293254772423383,102.51712319127296,-6.306557577018242,6.155586238886018,95.1143854207057,89.45327646374564,93.54400930593253,60.85692128732067,2.908103916246607,9.073284218689414,95.52151996898023,90.57774331136099,68.86390073671966,30.16673129119814,42.380767739433885,25.901512214036448,46.9174098487786,18.534315626211708,73.55564172159751,15.936409461031406,50.096936797208215,74.56378441256301,85.84722760759985,35.129895308259016,72.58627374951531,67.27413726250485,45.870492438929816,92.74912756882512,94.61031407522296,62.466072120977124,89.29817758821248,56.68863900736719,77.93718495540907,81.11671190383869,48.11942613416053,91.12058937572702,73.47809228383095,91.54711128344319,64.8313299728577,97.90616518030244,83.44319503683599,3.7611477316789452,69.25164792555253,32.10546723536254,98.60411012020163,97.24699495928654,72.74137262504847,49.24389298177588,99.37960449786739,85.45948041876696,94.14501744862349,3.295851105079488,80.65141527723924
Atom Insertion,CC(=O)O[C@H]1C(=O)[C@]2(C)[C@@H](O)C[C@H]3OC[C@@]3(OC(C)=O)[C@@H]2[C@H](OC(=O)c2ccccc2)[C@]2(O)C[C@H](OC(=O)C[C@H](c3ccccc3)N(C)C(=O)c3ccccc3)C(C)=C1C2(C)C,3.229325304490461,CC(=O)O[C@H]1C(=O)[C@]2(C)[C@@H](O)C[C@H]3OC[C@@]3(OC(C)=O)[C@@H]2[C@H](OC(=O)c2ccccc2)[C@]2(O)C[C@H](OC(=O)C[C@H](c3ccccc3)N(C)C(=O)c3ccccc3)C(C)=C1C2(C)C,851.9459999999999,5.107100000000004,13,2,1.0,0.15564842988429406,10,192.27,0.3248213492333889,0.4922566652297974,0.7467576503753662,0.005068088578991592,0.08559096679091453,0.05154068730771542,0.16948278695344926,0.022145044058561325,0.04834573864936829,0.7086858510971069,0.6676803708076477,0.0920952945947647,0.25562007278203963,0.738867712020874,0.9935406923294068,0.16992678195238115,0.4632890820503235,0.054317957162857054,0.26165325492620467,0.02249060720205307,0.18610822409391403,0.040556837990880015,0.7282304048538208,0.8647565364837646,0.3317985892295837,0.14667436480522156,0.02899739146232605,0.906070065498352,0.17663632333278656,0.08579239528626204,0.623794573545456,-5.292427210763312,143.5540434362626,113.4172704412703,25.80308242507359,-9.742289301788079,4.437719100773085,3.2293254772423383,102.51712319127296,-6.306557577018242,6.155586238886018,95.1143854207057,89.45327646374564,93.54400930593253,60.85692128732067,2.908103916246607,9.073284218689414,95.52151996898023,90.57774331136099,68.86390073671966,30.16673129119814,42.380767739433885,25.901512214036448,46.9174098487786,18.534315626211708,73.55564172159751,15.936409461031406,50.096936797208215,74.56378441256301,85.84722760759985,35.129895308259016,72.58627374951531,67.27413726250485,45.870492438929816,92.74912756882512,94.61031407522296,62.466072120977124,89.29817758821248,56.68863900736719,77.93718495540907,81.11671190383869,48.11942613416053,91.12058937572702,73.47809228383095,91.54711128344319,64.8313299728577,97.90616518030244,83.44319503683599,3.7611477316789452,69.25164792555253,32.10546723536254,98.60411012020163,97.24699495928654,72.74137262504847,49.24389298177588,99.37960449786739,85.45948041876696,94.14501744862349,3.295851105079488,80.65141527723924
Atom Swapping,CC(=O)O[C@H]1C(=O)[C@]2(C)[C@@H](O)C[C@H]3OC[C@@]3(OC(C)=O)[C@@H]2[C@H](OC(=O)c2ccccc2)[C@]2(O)C[C@H](OC(=O)C[C@H](c3ccccc3)N(C)C(=O)c3ccccc3)C(C)=C1C2(C)C,3.229325304490461,CC(=O)O[C@H]1C(=O)[C@]2(C)[C@@H](O)C[C@H]3OC[C@@]3(OC(C)=O)[C@@H]2[C@H](OC(=O)c2ccccc2)[C@]2(O)C[C@H](OC(=O)C[C@H](c3ccccc3)N(C)C(=O)c3ccccc3)C(C)=C1C2(C)C,851.9459999999999,5.107100000000004,13,2,1.0,0.15564842988429406,10,192.27,0.3248213492333889,0.4922566652297974,0.7467576503753662,0.005068088578991592,0.08559096679091453,0.05154068730771542,0.16948278695344926,0.022145044058561325,0.04834573864936829,0.7086858510971069,0.6676803708076477,0.0920952945947647,0.25562007278203963,0.738867712020874,0.9935406923294068,0.16992678195238115,0.4632890820503235,0.054317957162857054,0.26165325492620467,0.02249060720205307,0.18610822409391403,0.040556837990880015,0.7282304048538208,0.8647565364837646,0.3317985892295837,0.14667436480522156,0.02899739146232605,0.906070065498352,0.17663632333278656,0.08579239528626204,0.623794573545456,-5.292427210763312,143.5540434362626,113.4172704412703,25.80308242507359,-9.742289301788079,4.437719100773085,3.2293254772423383,102.51712319127296,-6.306557577018242,6.155586238886018,95.1143854207057,89.45327646374564,93.54400930593253,60.85692128732067,2.908103916246607,9.073284218689414,95.52151996898023,90.57774331136099,68.86390073671966,30.16673129119814,42.380767739433885,25.901512214036448,46.9174098487786,18.534315626211708,73.55564172159751,15.936409461031406,50.096936797208215,74.56378441256301,85.84722760759985,35.129895308259016,72.58627374951531,67.27413726250485,45.870492438929816,92.74912756882512,94.61031407522296,62.466072120977124,89.29817758821248,56.68863900736719,77.93718495540907,81.11671190383869,48.11942613416053,91.12058937572702,73.47809228383095,91.54711128344319,64.8313299728577,97.90616518030244,83.44319503683599,3.7611477316789452,69.25164792555253,32.10546723536254,98.60411012020163,97.24699495928654,72.74137262504847,49.24389298177588,99.37960449786739,85.45948041876696,94.14501744862349,3.295851105079488,80.65141527723924
Atom Swapping,CC(=O)O[C@H]1C(=O)[C@]2(C)[C@@H](O)C[C@H]3OC[C@@]3(OC(C)=O)[C@@H]2[C@H](OC(=O)c2ccccc2)[C@]2(O)C[C@H](OC(=O)C[C@H](c3ccccc3)N(C)C(=O)c3ccccc3)C(C)=C1C2(C)C,3.229325304490461,CC(=O)O[C@H]1C(=O)[C@]2(C)[C@@H](O)C[C@H]3OC[C@@]3(OC(C)=O)[C@@H]2[C@H](OC(=O)c2ccccc2)[C@]2(O)C[C@H](OC(=O)C[C@H](c3ccccc3)N(C)C(=O)c3ccccc3)C(C)=C1C2(C)C,851.9459999999999,5.107100000000004,13,2,1.0,0.15564842988429406,10,192.27,0.3248213492333889,0.4922566652297974,0.7467576503753662,0.005068088578991592,0.08559096679091453,0.05154068730771542,0.16948278695344926,0.022145044058561325,0.04834573864936829,0.7086858510971069,0.6676803708076477,0.0920952945947647,0.25562007278203963,0.738867712020874,0.9935406923294068,0.16992678195238115,0.4632890820503235,0.054317957162857054,0.26165325492620467,0.02249060720205307,0.18610822409391403,0.040556837990880015,0.7282304048538208,0.8647565364837646,0.3317985892295837,0.14667436480522156,0.02899739146232605,0.906070065498352,0.17663632333278656,0.08579239528626204,0.623794573545456,-5.292427210763312,143.5540434362626,113.4172704412703,25.80308242507359,-9.742289301788079,4.437719100773085,3.2293254772423383,102.51712319127296,-6.306557577018242,6.155586238886018,95.1143854207057,89.45327646374564,93.54400930593253,60.85692128732067,2.908103916246607,9.073284218689414,95.52151996898023,90.57774331136099,68.86390073671966,30.16673129119814,42.380767739433885,25.901512214036448,46.9174098487786,18.534315626211708,73.55564172159751,15.936409461031406,50.096936797208215,74.56378441256301,85.84722760759985,35.129895308259016,72.58627374951531,67.27413726250485,45.870492438929816,92.74912756882512,94.61031407522296,62.466072120977124,89.29817758821248,56.68863900736719,77.93718495540907,81.11671190383869,48.11942613416053,91.12058937572702,73.47809228383095,91.54711128344319,64.8313299728577,97.90616518030244,83.44319503683599,3.7611477316789452,69.25164792555253,32.10546723536254,98.60411012020163,97.24699495928654,72.74137262504847,49.24389298177588,99.37960449786739,85.45948041876696,94.14501744862349,3.295851105079488,80.65141527723924
Atom Deletion,CC(=O)O[C@H]1C(=O)[C@]2(C)[C@@H](O)C[C@H]3OC[C@@]3(OC(C)=O)[C@@H]2C[C@]2(O)C[C@H](OC(=O)C[C@@H](NC(=O)c3ccccc3)c3ccccc3)C(C)=C1C2(C)C.O=Cc1ccccc1,2.768074902854006,CC(=O)O[C@H]1C(=O)[C@]2(C)[C@@H](O)C[C@H]3OC[C@@]3(OC(C)=O)[C@@H]2C[C@]2(O)C[C@H](OC(=O)C[C@@H](NC(=O)c3ccccc3)c3ccccc3)C(C)=C1C2(C)C.O=Cc1ccccc1,823.9360000000001,5.428500000000006,12,3,1.0,0.10756214910017044,9,191.83,0.40681385844945905,0.20222740471363068,0.7034455060958862,0.01001485767774284,0.1681472033262253,0.09527675285935402,0.2129811689257622,0.055966205522418024,0.04831801541149616,0.6188779234886169,0.6632633864879608,0.20881607607007027,0.246799273788929,0.7832684278488159,0.9738465428352356,0.12370419055223465,0.1358619213104248,0.01220256295055151,0.18276938796043396,0.0313373951241374,0.2032334178686142,0.15846576243638993,0.44804178476333617,0.852678382396698,0.29197838604450227,0.21638331264257432,0.06670088768005371,0.9330819845199585,0.4221130311489105,0.12741611376404763,0.6473405838012696,-5.311039660905983,119.20277007955448,88.69842541888049,76.64688843043302,-10.380814716473507,4.575302545986273,2.768074877061812,99.11371645814076,-6.327538159056189,2.205638806513721,94.72663823187281,91.27568825126018,92.32260566110895,77.25862737495153,2.908103916246607,5.8937572702597905,93.95114385420706,90.57774331136099,76.73516867002714,12.679333074835206,37.107405971306704,33.81155486622722,59.13144629701434,34.16052733617681,76.851492826677,36.09926328034122,50.096936797208215,62.69872043427685,85.6533540131834,59.82939123691353,71.57813105854983,70.0271423032183,34.39317564947654,91.81853431562621,89.2206281504459,38.231872818922064,83.86971694455215,65.72314850717332,80.37999224505621,94.06746801085691,31.485071733229933,90.5389685924777,70.84141139976735,94.4552151996898,79.21675067855757,98.75920899573478,94.02869329197362,9.693679720822024,70.0271423032183,31.17487398216363,95.15316013958899,93.40829778984101,92.98177588212485,42.45831717720046,99.61225281116711,75.37805350911205,89.49205118262893,3.295851105079488,55.447848003101974
Ring Modification,CC(=O)O[C@]1CO[C@@H]C[C@H](O)[C@@]2(C)C(=O)[C@H](OC(C)=O)C3=C(C)[C@@H](OC(=O)C[C@@H](NC(=O)c4ccccc4)c4ccccc4)C[C@@](O)([C@@H](OC(=O)c4ccccc4)[C@@H]12)C3(C)C,3.021652550550683,CC(=O)O[C@]1CO[C@@H]C[C@H](O)[C@@]2(C)C(=O)[C@H](OC(C)=O)C3=C(C)[C@@H](OC(=O)C[C@@H](NC(=O)c4ccccc4)c4ccccc4)C[C@@](O)([C@@H](OC(=O)c4ccccc4)[C@@H]12)C3(C)C,837.9190000000002,5.337680000000004,13,3,1.0,0.1344680966221595,8,201.06,0.3247895672917366,0.22689131498336793,0.7842532277107239,0.00415883878886234,0.1436012215912342,0.10261456593871117,0.27817180156707766,0.01864836337044835,0.022549541224725543,0.7228315591812133,0.5565844237804413,0.18367235660552977,0.24208918139338492,0.9009465098381042,0.9869392275810241,0.059443759731948376,0.17640750259160995,0.08271217197179795,0.1894995540380478,0.021771918423473834,0.10649284273386002,0.07702441066503525,0.5067700624465943,0.8533137321472168,0.6144719600677491,0.22690292149782182,0.07280036211013793,0.8782474994659424,0.1656292423605919,0.08015356715768576,0.5628656268119812,-5.310719439309681,134.6012048093292,107.67007969867605,49.395169354556685,-10.222442206923962,4.304412677007862,3.021652802908448,104.64185326625889,-6.804754555440015,5.941468475237514,94.92051182628926,90.81039162466072,93.54400930593253,77.25862737495153,2.908103916246607,7.638619620007755,91.97363319115937,91.62466072120976,68.86390073671966,14.152772392400156,48.158200853043816,23.41993020550601,55.99069406746801,36.331911593640946,81.54323381155487,13.144629701434663,37.533927879022876,76.26987204342768,82.24117875145404,55.79682047305157,71.07405971306707,81.38813493602171,39.51143854207057,86.39007367196588,91.15936409461031,68.82512601783637,84.41256300891818,55.75804575416828,58.51105079488173,88.79410624272974,34.47072508724312,90.57774331136099,89.2594028693292,94.88173710740597,80.61264055835595,97.32454439705312,82.51260178363707,3.0632027917797595,67.15781310585498,31.17487398216363,97.71229158588599,96.70414889492051,87.04924389298178,44.16440480806514,99.03063202791779,81.23303606048856,96.62659945715393,1.8224117875145405,79.7595967429236
